,Title,Authors,h_index,Race,Gender,Country,Label
0,'I Make Therefore I Am': The Effects of Curriculum-Aligned Making on Children's Self-Identity,"['Sharon Chu', 'Francis Quek']",2.105,0,1,0,3
1,'Maker' within Constraints: Exploratory Study of Young Learners using Arduino at a High School in India,"['Sowmya Somanath', 'Lora Oehlberg', 'Ehud Sharlin']",1.8333333333333333,0,1,0,3
2,A 3D Item Space Visualization for Presenting and Manipulating User Preferences in Collaborative Filtering,"['Benedikt Loepp', 'Jrgen Ziegler']",1.54,0,0,1,1
3,A Critical Lens on Dementia and Design in HCI,['Amanda Lazar'],2.34,0,1,0,3
4,A Data-Driven Multidimensional Approach to Hint Design in Video Games,"['Helen Wauck', 'WaiTat Fu']",2.14,1,1,0,1
5,A Framework for Speechreading Acquisition Tools,['Benjamin Gorman'],0.54,0,0,0,3
6,A Human-Centered Approach to Algorithmic Services: Considerations for Fair and Motivating Smart Community Service Management that Allocates Donations to Non-Profit Organizations,['Ji Kim'],2.34,0,0,1,3
7,A Multifaceted Study on Eye Contact based Speaker Identification in Three-party Conversations,"['Yu Ding', 'Yuting Zhang', 'Zhigang Deng']",2.8700000000000006,0,1,1,3
8,A Network-Fusion Guided Dashboard Interface for Task-Centric Document Curation,"['Paul Jones', 'Nagiza F Samatova']",2.455,1,1,0,1
9,A Predictive Model of Emergency Physician Task Resumption Following Interruptions,['Aaron Hettinger'],3.06,0,0,0,3
10,A Simple Nod of the Head: The Effect of Minimal Robot Movements on Children's Perception of a Low-Anthropomorphic Robot,"['Jamy Li', 'Vanessa Evers']",2.095,1,1,0,3
11,A Thing of Beauty: Steering Behavior in an Interactive Playground,['Dennis Reidsma'],4.14,0,0,0,3
12,Activitity as the Ultimate Particular of Interaction Design,['Annika Waern'],1.7500000000000002,0,1,0,3
13,Adaptive View Management for Drone Teleoperation in Complex 3D Structures,"['Photchara Ratsamee', 'Kiyoshi Kiyokawa', 'Jason Orlosky', 'Tomohiro Mashita', 'Yuki Uranishi', 'Haruo Takemura']",1.5483333333333336,1,0,1,1
14,Aesthetic Functional and Conceptual Provocation in Research Through Design,"['Dimitrios Raptis', 'Rikke Hagensby Jensen', 'Jesper Kjeldskov', 'Mikael B Skov']",1.64,0,1,0,2
15,Affective Color in Visualization,['Lyn Bartram'],3.2399999999999998,0,1,0,3
16,Against Marrying a Stranger: Marital Matchmaking Technologies in Saudi Arabia,"['Adel AlDawood', 'Houda El mimouni', 'Svetlana Yarosh']",1.89,0,1,0,2
17,Agency in Assistive Technology Adoption: Visual Impairment and Smartphone Use in Bangalore,['Aditya Johri'],1.54,0,0,0,3
18,Agency in Mid-air Interfaces,['Silvana Pirro'],1.35,1,1,0,3
19,AirPanes: Two-Handed Around-Device Interaction for Pane Switching on Smartphones,['Junhyeok Kim'],3.15,0,0,1,3
20,Algorithms ruin everything: #RIPTwitter Folk Theories and Resistance to Algorithmic Change in Social Media,"['Michael DeVito', 'Darren Gergle']",2.42,0,0,0,3
21,AlterNail: Ambient Batteryless Stateful Dynamic Displays at your Fingertips,"['Christine Dierk', 'Eric Paulos']",3.42,0,1,0,3
22,Always On(line)?: User Experience of Smartwatches and their Role within Multi-Device Ecologies,['Anna Cox'],2.31,0,1,0,3
23,Ambiotherm: Enhancing Sense of Presence in Virtual Reality by Simulating Real-World Environmental Conditions,"['David Tolley', 'YiLuen Do']",1.5500000000000003,0,0,1,3
24,An Intelligent Interface for Organizing Online Opinions on Controversial Topics,['WaiTat Fu'],2.0300000000000002,0,0,0,1
25,AnimSkin: Fabricating Epidermis with Interactive Functional and Aesthetic Color Animation,"['Yanan Wang', 'Preben Hansen']",4.59,0,1,0,2
26,AnimaStage: Hands-on Animated Craft on Pin-based Shape Displays,"['Ken Nakagaki', 'Daniel Leithinger', 'Hiroshi Ishii']",4.023333333333333,0,0,0,2
27,Apply Now!: Fictional Job Postings as an Instrument to Discuss Interactive Futures of Work,['Manfred Tscheligi'],2.87,0,0,0,2
28,Applying Real-Time Text on Instant Messaging for a Rapid and Enriched Conversation Experience,['Geehyuk Lee'],1.4700000000000002,0,0,1,2
29,Articulating Challenges of Hybrid Crafting for the Case of Interactive Silversmith Practice,['Vasiliki Tsaknaki'],1.44,0,1,0,2
30,AscoltaMe: Retracing the Computational Expressivity of a Tactful Object for Sensitive Settings,['Elisa Giaccardi'],1.7500000000000002,1,1,0,2
31,Assessing the Contribution of Twitter's Textual Information to Graph-based Recommendation,"['Evgenia Wasserman Pritsker', 'Tsvi Kuflik', 'Einat Minkov']",1.4900000000000002,0,1,1,1
32,Attention Allocation Aid for Visual Search,['Arturo Deza'],1.35,1,0,0,3
33,Attention from Afar: Simulating the Gazes of Remote Participants in Hybrid Meetings,['Jason Ellis'],1.61,0,0,0,2
34,Audible Beacons and Wearables in Schools: Helping Young Visually Impaired Children Play and Move Independently,['Euan Freeman'],1.26,0,0,0,3
35,Audience Participation Games: Blurring the Line Between Player and Spectator,"['Joseph Seering', 'Saiph Savage', 'Michael Eagle', 'Jeffrey P Bigham', 'Jessica Hammer']",3.186,1,1,0,2
36,Augmented Studio: Projection Mapping on Moving Body for Physiotherapy Education,['Frank Vetere'],2.5900000000000003,0,0,1,3
37,AutoJam: Exploring Interactive Music Experiences in Stop-and-Go Traffic,['Stefan Greuter'],0.7000000000000001,0,0,1,2
38,BIGnav: Bayesian Information Gain for Guiding Multiscale Navigation,['Wanyu Liu'],0.6300000000000001,0,1,1,3
39,BackXPress: Using Back-of-Device Finger Pressure to Augment Touchscreen Input on Smartphones,['Simon Voelker'],1.98,0,0,1,3
40,Be Grateful You Don't Have a Real Disease: Understanding Rare Disease Relationships,['Grace Bastin'],0.45,0,1,0,3
41,Be Me or Be Mii?: A Study of Self-Presentation and Interaction in the Miitomo Mobile Application,['Geoff Kaufman'],1.98,0,0,0,3
42,Being Bringing and Bridging: Three Aspects of Sketching with Nature,['Elsa KosmackVaara'],3.6,1,1,0,2
43,Bendtroller:: An Exploration of In-Game Action Mappings with a Deformable Game Controller,['Audrey Girouard'],2.6399999999999997,0,1,0,3
44,Better Organization or a Source of Distraction?: Introducing Digital Peer Feedback to a Paper-Based Classroom,"['Alex Sciuto', 'Jessica Hammer']",2.205,1,1,0,2
45,Better the Devil You Know: Exposing the Data Sharing Practices of Smartphone Apps,['Max Van Kleek'],3.2399999999999998,0,0,0,3
46,Beyond Hybrids: Metaphors and Margins in Design,['Laura Devendorf'],1.7999999999999998,0,1,0,2
47,Bitbarista: Exploring Perceptions of Data Transactions in the Internet of Things,['Chris Speed'],1.1900000000000002,0,0,0,3
48,Block Party: Synchronized Planning and Navigation Views for Neighbourhood Expeditions,['Derek Reilly'],2.16,0,0,0,1
49,BoostFM: Boosted Factorization Machines for Top-N Feature-based Recommendation,"['Fajie Yuan', 'Guibing Guo', 'Joemon M Jose', 'Long Chen', 'Haitao Yu', 'Weinan Zhang']",4.871666666666666,0,0,1,1
50,Bottom-up vs. Top-down: Trade-offs in Efficiency Understanding Freedom and Creativity with InfoVis Tools,['Miguel Nacenta'],4.859999999999999,1,0,0,3
51,BreathScreen: Design and Evaluation of an Ephemeral UI,"['Ashley Colley', 'Jonna Hakkila']",2.385,0,1,0,3
52,Building a Maker Community Around an Open Hardware Platform,['Alan Chamberlain'],3.2399999999999998,0,0,0,3
53,CQAVis: Visual Text Analytics for Community Question Answering,"['Enamul Hoque', 'Shafiq Joty', 'Giuseppe Carenini']",3.56,0,0,1,1
54,Calendar.help: Designing a Workflow-Based Scheduling Agent with Humans in the Loop,['Sandeep Soni'],1.8,0,0,0,3
55,CalibMe: Fast and Unsupervised Eye Tracker Calibration for Gaze-Based Pervasive Human-Computer Interaction,['Thiago Santini'],5.4,1,0,1,3
56,Calming Children When Drawing Blood Using Breath-based Biofeedback,"['Tobias Sonne', 'Timothy Merritt', 'Paul Marshall', 'Jorg Muller', 'Kaj Grnbk']",2.992,0,0,1,2
57,Can People Self-Report Security Accurately?: Agreement Between Self-Report and Behavioral Measures,"['Rick Wash', 'Emilee Rader']",2.4,0,1,0,3
58,Can Unicorns Help Users Compare Crypto Key Fingerprints?,['Blase Ur'],5.22,0,0,0,3
59,CarNote: Reducing Misunderstanding between Drivers by Digital Augmentation,['Jun Hu'],2.88,0,0,0,1
60,CarVR: Enabling In-Car Virtual Reality Entertainment,['Jan Gugenheimer'],2.16,0,0,1,3
61,Care and Connect: Exploring Dementia-Friendliness Through an Online Community Commissioning Platform,['Peter Wright'],4.2,0,0,1,2
62,Cartograph: Unlocking Spatial Visualization Through Semantic Enhancement,"['Shilad Sen', 'Qisheng Li', 'Brooke Boatman', 'Monica Ngo', 'Bret Jackson', 'Brent Hecht']",2.6316666666666664,1,1,0,1
63,Celebratory Technology to Orchestrate the Sharing of Devices and Stories during Family Mealtimes,"['Frank Vetere', 'Hilary Davis']",2.825,0,1,1,3
64,Centralized Parallel and Distributed Information Processing during Collective Sensemaking,"['Kate Starbird', 'Emma Spiro']",2.5300000000000002,0,1,0,3
65,Challenges in Public Display Deployments: A Taxonomy of External Factors,"['Jaakko Hakulinen', 'Tomi Heimonen', 'Markku Turunen']",2.66,0,0,0,3
66,Chameleon Devices: Investigating More Secure and Discreet Mobile Interactions via Active Camouflaging,"['Jennifer Pearson', 'Matt Jones', 'Shashank Ahire', 'Deepak Sahoo']",3.4575,0,1,1,3
67,Changing Moods: How Manual Tracking by Family Caregivers Improves Caring and Family Communication,['Hideaki Kuzuoka'],1.9600000000000002,0,0,1,3
68,ChartSense: Interactive Data Extraction from Chart Images,['Hyunjoo Song'],1.12,0,1,1,3
69,Cinehacking Cape Town - Embracing Informality in Pursuit of High Quality Media,"['David Green', 'Peter Wright']",5.425000000000001,0,0,1,2
70,Citizen Science Opportunities in Volunteer-Based Online Experiments,['Nigini Oliveira'],0.8999999999999999,0,1,0,3
71,Cito: An Actuated Smartwatch for Extended Interactions,['Daniel Vogel'],3.0,0,0,0,2
72,Class Confessions: Restorative Properties in Online Experiences of Socioeconomic Stigma,"['Oliver Haimson', 'Nazanin Andalibi', 'Melissa Mazmanian', 'Gillian Hayes']",2.4175,0,1,0,3
73,Close to the Action: Eye-Tracking Evaluation of Speaker-Following Subtitles,['Daniel Weiskopf'],3.43,0,0,1,3
74,Co-3Deator: A Team-First Collaborative 3D Design Ideation Tool,"['Cecil Piya', 'Niklas Elmqvist']",3.2,0,0,0,3
75,Co-Designing with Preschoolers Using Fictional Inquiry and Comicboarding,['Alexis Hiniker'],2.16,0,0,0,3
76,CogniLearn: A Deep Learning-based Interface for Cognitive Behavior Assessment,"['Dylan Ebert', 'Michalis Papakostas', 'Fillia Makedon', 'Vassilis Athitsos']",2.1575,1,1,0,1
77,CoilMove: An Actuated to-body Energy Transfer System,"['Paul Worgan', 'Mike Fraser']",1.395,0,0,0,2
78,Collaboration Awareness and Communication in Real-Life Escape Rooms,"['Rui Pan', 'Carman Neustaedter']",2.87,0,1,0,2
79,Collaboration with 360° Videochat: Challenges and Opportunities,"['Anthony Tang', 'Carman Neustaedter', 'Scott Bateman']",3.703333333333333,0,1,0,2
80,Collaborative Map Making: A Reflexive Method for Understanding Matters of Concern in Design Research,"['Hee Lee', 'Selma Sabanovic']",2.2199999999999998,0,1,0,3
81,Community Commerce: Facilitating Trust in Mom-to-Mom Sale Groups on Facebook,['Sarita Schoenebeck'],3.96,0,1,0,3
82,Community Conversational: Supporting and Capturing Political Deliberation in Local Consultation Processes,"['Jo Briggs', 'Emma Flynn', 'John Vines']",1.47,0,1,0,2
83,Community Inventor Days: Scaffolding Grassroots Innovation with Maker Events,"['Nick Taylor', 'Katerina Gorkovenko']",2.25,1,1,0,2
84,Community-Empowered Air Quality Monitoring System,['YenChia Hsu'],0.72,0,1,0,3
85,Comparing Social Robot Screen and Voice Interfaces for Smart-Home Control,['Michal Luria'],1.8,0,0,0,3
86,Comparing Touchscreen and Mouse Input Performance by People With and Without Upper Body Motor Impairments,"['Leah Findlater', 'Jon Froehlich']",4.199999999999999,0,1,0,3
87,Competent Men and Warm Women: Gender Stereotypes and Backlash in Image Search Results,['Paul Clough'],2.66,0,0,0,3
88,Conceptualising Resourcefulness as a Dispersed Practice,"['Lenneke Kuijer', 'Elisa Giaccardi']",1.8650000000000002,1,1,0,2
89,Confiding in and Listening to Virtual Agents: The Effect of Personality,"['Jingyi Li', 'Gloria Mark']",2.5100000000000002,0,1,0,1
90,Connecting Those That Care: Designing for Transitioning Talking Belonging and Escaping,"['Konstantina Vasileiou', 'Manuela Barreto', 'Julie Barnett', 'Shaun Lawson', 'John Vines']",2.476,1,1,0,2
91,Control and Being Controlled: Exploring the use of Technology in an Immersive Theatre Performance,"['Sarah Wiseman', 'Janet van der Linden']",1.225,0,1,0,2
92,Could You Define That in Bot Terms?: Requesting Creating and Using Bots on Reddit,"['John Vines', 'Selina Sutton', 'Ben Kirman', 'Julie Barnett', 'Shaun Lawson']",3.468,0,1,0,3
93,Crafting a View of Self-Tracking Data in the Clinical Visit,['Helena Mentis'],2.6399999999999997,0,1,0,3
94,Creating Conditions for Patients' Values to Emerge in Clinical Conversations: Perspectives of Health Care Team Members,"['Andrew BL Berry', 'Andrea L Hartzler']",2.4899999999999998,1,0,0,2
95,Creating a Sociotechnical API: Designing City-Scale Community Engagement,['Christopher Dantec'],2.52,0,0,0,3
96,Creative Evaluation,['Georgios Marentakis'],1.7999999999999998,0,0,0,2
97,Criteria Chains: A Novel Multi-Criteria Recommendation Approach,['Yong Zheng'],3.2399999999999998,0,0,0,1
98,Critical Design Research and Information Technology: Searching for Empowering Design,['Kari Kuutti'],2.1700000000000004,0,1,0,2
99,Critique Style Guide: Improving Crowdsourced Design Feedback with a Natural Language Model,"['Elizabeth Gerber', 'Brian Bailey']",2.995,0,1,0,3
100,Critiquing Physical Prototypes for a Remote Audience,['Lora Oehlberg'],3.06,0,1,0,2
101,CrowdVerge: Predicting If People Will Agree on the Answer to a Visual Question,['Danna Gurari'],1.6199999999999999,0,1,0,3
102,Crowdfunding Platforms and the Design of Paying Publics,['Jo Briggs'],0.84,0,1,0,3
103,"Dark Clouds, Io&#!+, and [Crystal Ball Emoji]: Projecting Network Anxieties with Alternative Design Metaphors",['James Pierce'],1.6800000000000002,0,0,1,2
104,De-emphasizing Content to Study the Relationship between Meaning Messages and Content in IM Systems,['Dan Cosley'],4.92,0,0,0,2
105,Deconstructing Cosmetic Virtual Goods Experiences in Dota 2,['Alexander Sirotkin'],3.5999999999999996,0,0,0,3
106,Deep Sequential Recommendation for Personalized Adaptive User Interfaces,"['Harold Soh', 'Scott Sanner', 'Greg Jamieson']",2.3033333333333332,0,0,1,1
107,DemYouth: Co-Designing and Enacting Tools to Support Young People's Engagement with People with Dementia,['John Vines'],1.54,0,0,0,2
108,Demand Around the Clock: Time Use and Data Demand of Mobile Devices in Everyday Life,"['Kelly Widdicks', 'Oliver Bates', 'Adrian Friday']",2.316666666666667,0,1,0,3
109,Design Features in Games for Health: Disciplinary and Interdisciplinary Expert Perspectives,['Jessica Hammer'],2.16,0,1,0,2
110,Design Guidelines for Web Readability,"['Aliaksei Miniukovich', 'Simone Sulpizio', 'Paola Venuti']",2.0033333333333334,1,1,0,2
111,Design Techniques for Exploring Automotive Interaction in the Drive towards Automation,"['Ingrid Pettersson', 'Wendy Ju']",3.87,1,1,0,2
112,Design and Evaluation of a Data-Driven Password Meter,"['Blase Ur', 'Nicolas Christin', 'Pardis Emami Naeini']",4.29,0,1,0,3
113,Design for Trust: An Exploration of the Challenges and Opportunities of Bitcoin Users,['Corina Sas'],1.8200000000000003,1,1,0,3
114,Designing Authentic Emotions for Non-Human Characters: A Study Evaluating Virtual Affective Behavior,['Oliver Korn'],1.05,0,0,1,2
115,Designing Connections for Hearing Rehabilitation: Exploring Future Client Journeys with Elderly Hearing Aid Users Relatives and Healthcare Providers,"['Anne Marie Kanstrup', 'Sergi RotgerGriful', 'Ariane LaplanteLvesque']",1.6900000000000002,1,1,0,2
116,Designing Contestability: Interaction Design Machine Learning and Mental Health,"['Shrikanth Narayanan', 'David C Atkins']",8.335,0,0,0,2
117,Designing Cultural Values into Interaction,['Kate Hennessy'],1.56,0,1,0,3
118,Designing Documentary Informatics,"['Chris Elsden', 'Abigail C Durrant', 'David Chatting']",2.6,0,1,0,2
119,Designing Game-Based Myoelectric Prosthesis Training,['Scott Bateman'],2.52,0,0,0,2
120,Designing Gamified Applications that Make Safe Driving More Engaging,['Ronald Schroeter'],9.9,0,0,1,3
121,Designing Intelligent Assistant through User Participations,['Sangsu Lee'],1.44,0,0,1,2
122,Designing Interactive Advertisements for Public Displays,"['Hasibullah Sahibzada', 'Florian Echtler']",1.845,0,0,1,3
123,Designing Memory Probes to Inform Dialogue,"['Daniel Orth', 'Elise van den Hoven']",1.725,0,1,1,2
124,Designing for Cohabitation: Naturecultures Hybrids and Decentering the Human in Design,['Shaowen Bardzell'],2.0300000000000002,0,0,0,3
125,Designing for Kinesthetic Awareness: Revealing User Experiences through Second-Person Inquiry,"['Sarah Alaoui', 'Thecla Schiphorst']",1.8150000000000002,0,1,0,3
126,Designing for Self-Tracking of Emotion and Experience with Tangible Modality,['Hwajung Hong'],2.16,0,1,1,2
127,"Designing for the ""Universe of One"": Personalized Interactive Media Systems for People with the Severe Cognitive Impairment Associated with Rett Syndrome",['Joanna McGrenere'],2.31,0,1,0,3
128,Deus EM Machina: On-Touch Contextual Functionality for Smart IoT Appliances,"['Robert Xiao', 'Chris Harrison']",3.395,0,0,0,3
129,Differences in Crowdsourced vs. Lab-based Mobile and Desktop Input Performance Data,"['Leah Findlater', 'Jon Froehlich']",4.199999999999999,0,1,0,3
130,Digital Decoupling and Disentangling: Towards Design for Romantic Break Up,"['Daniel Herron', 'Wendy Moncur', 'Elise van den Hoven']",1.1666666666666667,1,1,1,2
131,Digital Mechanical Metamaterials,"['Robert Kovacs', 'Patrick Baudisch']",4.735,0,0,1,3
132,Digital Systems and the Experience of Legacy,['Jodi Forlizzi'],4.760000000000001,0,1,0,2
133,Dimensions for Automatic Interpretation of Approximate Numerical Expressions: An empirical study,"['Marcin Detyniecki', 'Charles Tijus']",2.355,1,0,0,1
134,Disempowered by Data: Nonprofits Social Enterprises and the Consequences of Data-Driven Work,"['Chris Bopp', 'Ellie Harmon']",2.025,0,1,0,3
135,Do-It-Yourself Empowerment as Experienced by Novice Makers with Disabilities,"['Janis Lena Meissner', 'John Vines', 'Janice McLaughlin', 'Peter Wright']",2.3475,0,1,1,2
136,Don't Just Swipe Left Tell Me Why: Enhancing Gesture-based Feedback with Reason Bins,"['Juan Felipe Beltran', 'Azza Abouzied', 'Arnab Nandi']",1.8999999999999997,1,1,1,1
137,Driver Readiness Model for Regulating the Transfer from Automation to Human Control,"['Mark A Neerincx', 'Mark A Neerincx']",2.45,0,0,0,1
138,DyFAV: Dynamic Feature Selection and Voting for Real-time Recognition of Fingerspelled Alphabet using Wearables,"['Prajwal Paudyal', 'Junghyo Lee', 'Ayan Banerjee', 'Sandeep KS Gupta']",3.0875000000000004,0,0,0,1
139,EdiPulse: Investigating a Playful Approach to Self-monitoring through 3D Printed Chocolate Treats,"['Rohit Khot', 'Florian Mueller']",3.9750000000000005,0,0,1,3
140,Effect of Motion-Gesture Recognizer Error Pattern on User Workload and Behavior,"['Keiko Katsuragawa', 'Edward Lank', 'Edward Lank']",1.4800000000000002,1,1,0,1
141,Effects of Frequency Distribution on Linear Menu Performance,['Wanyu Liu'],0.6300000000000001,0,1,1,3
142,Effects of Sharing Physiological States of Players in a Collaborative Virtual Reality Gameplay,"['Arindam Dey', 'Thammathip Piumsomboon']",2.5199999999999996,0,0,1,3
143,Effects of Tactile Feedback on the Perception of Virtual Shapes on Non-Planar DisplayObjects,['Roel Vertegaal'],2.8000000000000003,0,0,0,3
144,Efficient Typing on a Visually Occluded Physical Keyboard,['Keith Vertanen'],2.16,0,0,0,3
145,Electrick: Low-Cost Touch Sensing Using Electric Field Tomography,['Chris Harrison'],3.0100000000000002,0,0,0,3
146,Embodied Design Ideation Methods: Analysing the Power of Estrangement,['Anna Vallgrda'],1.56,1,1,0,2
147,Embracing Errors: Examining How Context of Use Impacts Blind Individuals' Acceptance of Navigation Aid Errors,['Amy Hurst'],3.5999999999999996,0,1,0,3
148,Emotion Actuator: Embodied Emotional Feedback through Electroencephalography and Electrical Muscle Stimulation,['Michael Rohs'],2.8000000000000003,0,0,1,3
149,Empirical Analysis of the Subjective Impressions and Objective Measures of Domain Scientists' Visual Analytic Judgments,['Aritra Dasgupta'],1.98,0,0,0,3
150,Enabling Hand-Crafted Visual Markers at Scale,"['Steve Benford', 'Boriana Koleva', 'Stefan RennickEgglestone', 'Richard Mortier', 'Michael Worboys']",4.158,1,1,0,2
151,"Enabling Polyvocality in Interactive Documentaries through ""Structural Participation""","['David Green', 'Jonathan Hook', 'Peter Wright']",5.866666666666667,0,0,1,2
152,Engaging Children Using a Digital Living Media System,"['Foad Hamidi', 'Melanie Baljko']",1.38,0,1,0,2
153,Enhancing Personal Informatics Through Social Sensemaking,"['Aare Puussaar', 'Peter Wright']",2.7750000000000004,0,0,1,2
154,EnseWing: Creating an Instrumental Ensemble Playing Experience for Children with Limited Music Training,['Feng Tian'],0.9800000000000001,0,0,1,3
155,Environment-Scale Fabrication: Replicating Outdoor Climbing Experiences,['Emily Whiting'],3.2399999999999998,0,1,0,3
156,Essence: Olfactory Interfaces for Unconscious Influence of Mood and Cognitive Performance,"['Judith Amores', 'Pattie Maes']",4.390000000000001,1,1,1,3
157,Evaluating Interface Characteristics for Shared Lighting Systems in the Office Environment,['Thomas van de Werff'],1.35,0,0,0,2
158,Evaluating Perceptually Complementary Views for Network Exploration Tasks,['Kim Marriott'],3.7100000000000004,0,1,1,3
159,Examining Adult-Child Interactions in Intergenerational Participatory Design,"['Jason Yip', 'Laura Pina']",3.06,1,1,0,3
160,Examining Crowd Work and Gig Work Through The Historical Lens of Piecework,['Michael Bernstein'],5.16,0,0,0,3
161,Examining Localization Approaches for Community Health,"['Aditya Vashistha', 'Neha Kumar', 'Anil Mishra', 'Richard Anderson']",6.6675,0,1,1,2
162,Examining Low-Cost Virtual Reality for Learning in Low-Resource Environments,['Neha Kumar'],9.9,0,1,0,2
163,Examining Menstrual Tracking to Inform the Design of Personal Informatics Tools,"['Daniel Epstein', 'Laura Pina', 'Julie Kientz', 'Sean Munson']",2.9025,1,1,0,3
164,Experiences of Delivering a Public Health Data Service,['Madeline Balaam'],2.28,0,1,0,3
165,Experimental Analysis of Mode Switching Techniques in Touch-based User Interfaces,['Daniel Vogel'],3.0,0,0,0,2
166,Explaining Recommendations Based on Feature Sentiments in Product Reviews,['Li Chen'],4.4399999999999995,0,1,1,1
167,Exploring At-Your-Side Gestural Interaction for Ubiquitous Environments,"['James R Wallace', 'Edward Lank']",1.8,1,0,0,1
168,Exploring Design Opportunities for a Context-Adaptive Medical Checklist Through Technology Probe Approach,"['Leah Kulp', 'Aleksandra Sarcevic', 'Ivan Marsic']",1.7266666666666666,1,1,0,2
169,Exploring Interactions and Perceptions of Kinetic Wearables,"['HsinLiu Cindy Kao', 'Artem Dementyev', 'Inrak Choi', 'Sean Follmer']",3.6,0,1,0,2
170,Exploring Novice Approaches to Smartphone-based Thermographic Energy Auditing: A Field Study,"['Manaswi Saha', 'Jon Froehlich']",3.63,0,1,0,3
171,Exploring Seasonality in Mobile Cultural Heritage,['Juan Carlos Vasquez'],3.9200000000000004,1,0,0,3
172,Exploring Topic-Based Sharing Mechanisms,['Lorrie Faith Cranor'],6.23,0,1,0,3
173,Extracting Gait Velocity and Stride Length from Surrounding Radio Signals,"['Hsu ChenYu', 'Dina Katabi']",3.765,0,1,1,3
174,Eyes Understand the Sketch!: Gaze-Aided Stroke Grouping of Hand-Drawn Flowcharts,['Guihuan Feng'],1.08,0,1,1,1
175,FDVT: Data Valuation Tool for Facebook Users,"['ngel Cuevas', 'Rubn Cuevas']",4.74,1,0,0,3
176,FLight: A Low-Cost Reading and Writing System for Economically Less-Privileged Visually-Impaired People Exploiting Ink-based Braille System,['Alim Islam'],0.6300000000000001,0,0,1,3
177,Facade: Auto-generating Tactile Interfaces to Appliances,['Scott Hudson'],4.69,0,0,0,3
178,Facilitating Development of Pragmatic Competence through a Voice-driven Video Learning Interface,['Gabriel Culbertson'],1.8,0,0,0,3
179,Facilitating Pervasive Community Policing on the Road with Mobile Roadwatch,['Sangkeun Park'],2.25,0,0,1,3
180,Factors in Fairness and Emotion in Online Case Resolution Systems,['Cliff Lampe'],3.2900000000000005,0,0,0,3
181,Fieldward and Pathward: Dynamic Guides for Defining Your Own Gestures,"['Joseph Malloch', 'Joanna McGrenere']",2.505,1,1,0,3
182,Finding Common Ground: A Survey of Capacitive Sensing in Human-Computer Interaction,"['Steve Hodges', 'Joshua Smith']",8.425,0,0,0,3
183,Finding Similar People to Guide Life Choices: Challenge Design and Evaluation,"['Catherine Plaisant', 'Neil Spring']",6.98,0,1,0,3
184,Finding the Right Fit: Understanding Health Tracking in Workplace Wellness Programs,"['ChiaFang Chung', 'Sean Munson']",2.73,0,0,0,3
185,Five Lenses for Designing Exertion Experiences,['Florian Mueller'],2.1,0,0,1,3
186,Flash Organizations: Crowdsourcing Complex Work by Structuring Crowds As Organizations,"['Daniela Retelny', 'Michael Bernstein']",4.605,1,1,0,3
187,Flexibles: Deformation-Aware 3D-Printed Tangibles for Capacitive Touchscreens,['Jrgen Steimle'],1.9600000000000002,0,0,1,3
188,Follow-My-Lead: Intuitive Indoor Path Creation and Navigation Using Interactive Videos,['Shengdong Zhao'],3.12,0,0,1,3
189,ForceEdge: Controlling Autoscroll on Both Desktop and Mobile Computers Using the Force,['Axel Antoine'],0.9,0,0,0,3
190,Free the Hands! Enhanced Target Selection via a Variable-Friction Shoe,['Jeremy Cooperstock'],2.24,0,0,0,3
191,Freedom versus Standardization: Structured Data Generation in a Peer Production Community,"['Sarah McRoberts', 'Brent Hecht']",2.925,0,1,0,1
192,From in the Class or in the Wild?: Peers Provide Better Design Feedback Than External Crowds,"['WaiTat Fu', 'Elizabeth Gerber', 'Brian Bailey']",2.6733333333333333,0,1,0,3
193,Frozen Suit: Designing a Changeable Stiffness Suit and its Application to Haptic Games,['Anne Roudaut'],2.04,0,1,0,3
194,Fruit Are Heavy: A Prototype Public IoT System to Support Urban Foraging,['Tom Jenkins'],2.16,1,0,0,2
195,FutureSelf: What Happens When We Forecast Self-Trackers? Future Health Statuses?,"['Injung Lee', 'Younkyung Lim']",1.36,0,1,1,2
196,GIAnT: Visualizing Group Interaction at Large Wall Displays,['Raimund Dachselt'],2.3800000000000003,0,0,1,3
197,GPGPU-based Highly Parallelized 3D Node Localization for Real-Time 3D Model Reproduction,"['Yuichi Itoh', 'Takao Onoye']",1.86,0,0,1,1
198,GUI Design for IDE Command Recommendations,"['Marko Gasparic', 'Andrea Janes', 'Francesco Ricci', 'Marco Zanellati']",1.9675,1,0,1,1
199,GUI Robots: Using Off-the-Shelf Robots as Tangible Input and Output Devices for Unmodified GUI Applications,"['Darren Guinness', 'Daniel Szafir', 'Shaun K Kane']",3.15,0,0,0,2
200,Gaze-Adaptive Above and On-Surface Interaction,"['Baris Serim', 'Khalil Klouche', 'Giulio Jacucci']",2.03,1,0,0,2
201,Gender Norms and Attitudes about Childcare Activities Presented on Father Blogs,"['Kai Lukoff', 'Sarita Schoenebeck']",2.6550000000000002,0,1,0,3
202,Gender-Inclusiveness Personas vs. Stereotyping: Can We Have it Both Ways?,"['Nicola Marsden', 'Margaret Burnett']",2.205,0,1,1,3
203,Genie: Input Retargeting on the Web through Command Reverse Engineering,['Andrew Ko'],1.08,0,0,0,3
204,Getting Something for Nothing?: A User-Centric Perspective on Loyalty Card Schemes,['Chris Speed'],1.1900000000000002,0,0,0,3
205,Giving Form to a Hedonic Haptics Player,"['Laurens Boer', 'Anna Vallgrda']",1.26,1,1,0,2
206,Group Touch: Distinguishing Tabletop Users in Group Settings via Statistical Modeling of Touch Pairs,['Jacob Wobbrock'],4.2700000000000005,0,0,0,3
207,Growing the Blockchain Information Infrastructure,['Pernille Bjorn'],1.4000000000000001,0,1,0,3
208,Guided Selfies using Models of Portrait Aesthetics,['Daniel Vogel'],3.0,0,0,0,2
209,Guidelines for Tree-based Collaborative Goal Setting,"['Rifca Peters', 'Joost Broekens', 'Mark A Neerincx', 'Mark A Neerincx']",2.5525,1,1,0,1
210,Gut Instinct: Creating Scientific Theories with Online Learners,['Vineet Pandey'],3.15,0,0,0,3
211,HCI Solidarity Movements and the Solidarity Economy,"['Matt Jones', 'Shaun Lawson']",2.0650000000000004,0,0,0,3
212,HCI and Environmental Public Policy: Opportunities for Engagement,"['Vanessa Thomas', 'Oliver Bates']",1.98,0,1,0,3
213,HOBIT: Hybrid Optical Bench for Innovative Teaching,"['Bruno Bousquet', 'JeanPaul Guillet']",1.6550000000000002,0,0,0,3
214,Hackerspace Tropes Identities and Community Values,['Austin L Toombs'],1.98,0,0,0,2
215,Hands as a Controller: User Preferences for Hand Specific On-Skin Gestures,"['Celalettin Yurdakul', 'Tilbe Gksun', 'Oguzhan Ozcan']",1.6466666666666665,0,1,1,2
216,Handsfree Omnidirectional VR Navigation using Head Tilt,"['Majed Al Zayer', 'Eelke Folmer']",1.81,0,0,0,3
217,Haptic-Enabled Handheld Mobile Robots: Design and Analysis,['Pierre Dillenbourg'],3.9200000000000004,0,0,0,3
218,HapticHead: A Spherical Vibrotactile Grid around the Head for 3D Guidance in Virtual and Augmented Reality,['Michael Rohs'],2.8000000000000003,0,0,1,3
219,Has Instagram Fundamentally Altered the 'Family Snapshot'?,"['Shaun Lawson', 'Jamie Mahoney']",1.5850000000000002,0,0,0,3
220,HeadPhones: Ad Hoc Mobile Multi-Display Environments through Head Tracking,['Jens Grubert'],2.04,0,0,1,3
221,Heat-Nav: Using Temperature Changes as Navigation Cues,['Jordan Tewell'],2.25,0,0,0,3
222,Help It Looks Confusing: GUI Task Automation Through Demonstration and Follow-up Questions,"['Thanapong Intharah', 'Gabriel J Brostow']",1.23,1,0,1,1
223,High Costs and Small Benefits: A Field Study of How Users Experience Operating System Upgrades,['Joanna McGrenere'],2.31,0,1,0,3
224,How Busy Are You?: Predicting the Interruptibility Intensity of Mobile Users,['Janne Lindqvist'],2.76,0,1,0,3
225,How Design-inclusive UXR Influenced the Integration of Project Activities: Three Design Cases from Industry,['Janne Kollenburg'],1.8,0,1,0,3
226,How Game Balancing Affects Play: Player Adaptation in an Exergame for Children with Cerebral Palsy,"['Adrian L Jessup Schneider', 'Darcy Fehlings', 'TC Nicholas Graham']",2.1166666666666667,1,0,0,2
227,How May I Help You?: Modeling Twitter Customer ServiceConversations Using Fine-Grained Dialogue Acts,['Shereen Oraby'],4.5,1,1,0,1
228,How Values Shape Collaboration Between Patients with Multiple Chronic Conditions and Spousal Caregivers,['Andrew Berry'],3.15,0,0,0,3
229,How to Recommend?: User Trust Factors in Movie Recommender Systems,"['Shlomo Berkovsky', 'Dan Conway']",2.4,1,0,1,1
230,I Need Your Encouragement!: Requesting Supportive Comments on Social Media Reduces Test Anxiety,"['Brian Bailey', 'Craig Zilles']",3.475,0,0,0,3
231,I've been manipulated!: Designing Second Screen Experiences for Critical Viewing of Reality TV,"['Gavin Wood', 'Julie Barnett', 'John Vines', 'Shaun Lawson']",2.7825,0,1,1,3
232,I-SED: An Interactive Sound Event Detector,"['Bongjun Kim', 'Bryan Pardo']",2.66,1,0,0,1
233,IconHK: Using Toolbar button Icons to Communicate Keyboard Shortcuts,['Fanny Chevalier'],4.14,0,1,0,3
234,Identification and Classification of Usage Patterns in Long-Term Activity Tracking,['Wilko Heuten'],4.68,0,0,1,3
235,Identifying Frequent User Tasks from Application Logs,['Himel Dev'],3.15,0,0,0,1
236,Identifying how Visually Impaired People Explore Raised-line Diagrams to Improve the Design of Touch Interfaces,['Bernard Oriola'],2.16,0,0,0,3
237,If a person is emailing you it just doesn't make sense: Exploring Changing Consumer Behaviors in Email,"['Nediyana Daskalova', 'Nazanin Andalibi']",2.115,1,1,0,3
238,IllumiPaper: Illuminated Interactive Paper,['Raimund Dachselt'],2.3800000000000003,0,0,1,3
239,Illumination Aesthetics: Light as a Creative Material within Computational Design,['Eric Paulos'],5.04,0,0,0,3
240,Image-based Emotion Feedback: How Does the Crowd Feel? And Why?,"['David A Robb', 'Stefano Padilla', 'Thomas S Methven']",1.5,1,0,0,2
241,Implications for Adoption,"['Paul Coulton', 'Miriam Sturdee']",1.645,0,1,0,3
242,Improving Dwell-Based Gaze Typing with Dynamic Cascading Dwell Times,['Jacob Wobbrock'],4.2700000000000005,0,0,0,3
243,Improving Gesture Recognition Accuracy on Touch Screens for Users with Low Vision,['RaduDaniel Vatavu'],1.61,0,0,0,3
244,In Harmony: Making a Wearable Musical Instrument as a Case Study of using Boundary Objects in an Interdisciplinary Collaborative Design Process,"['Clint Zeagler', 'Scott Gilliland']",2.4299999999999997,0,0,0,2
245,Inferring Motion Direction using Commodity Wi-Fi for Interactive Exergames,['Yunhao Liu'],13.5,0,0,0,3
246,Inline Co-Evolution between Users and Information Presentation for Data Exploration,['Pierre De Loor'],0.9100000000000001,1,0,0,1
247,Intelligent Sensory Modality Selection for Electronic Supportive Devices,"['Kyle Kotowick', 'Julie Shah']",2.535,1,1,0,1
248,Interaction Design for Rehabiliation,['Panos Markopoulos'],2.87,1,0,0,1
249,Interaction Proxies for Runtime Repair and Enhancement of Mobile Application Accessibility,['Jacob Wobbrock'],4.2700000000000005,0,0,0,3
250,Interactive Elicitation of Knowledge on Feature Relevance Improves Predictions in Small Data Sets,"['Luana Micallef', 'Iiris Sundin', 'Tomi Peltola', 'Marta Soare', 'Giulio Jacucci', 'Samuel Kaski']",2.015,1,1,0,1
251,Interactive Machine Learning via a GPU-accelerated Toolkit,['John Canny'],5.460000000000001,1,0,0,1
252,Interactive Performance as a Means of Civic Dialogue,['Louise Barkhuus'],3.12,0,1,0,3
253,Interactive Visual Calibration of Volumetric Head-Tracked 3D Displays,['Ian Stavness'],2.6399999999999997,0,0,0,3
254,Interdependent Wearables (for Play): A Strong Concept for Design,['Katherine Isbister'],2.0300000000000002,0,1,0,3
255,Interioractive: Smart Materials in the Hands of Designers and Architects for Designing Interactive Interiors,"['Sara Nabil', 'Thomas Ploetz', 'David Chatting', 'Dmitry Dereshev', 'Patrick Olivier']",2.942,1,1,1,2
256,Internet Search Roles of Adults in their Homes,['Leyla Norooz'],4.05,0,1,0,3
257,Intersectional HCI: Engaging Identity through Gender Race and Class,"['Ari Schlesinger', 'Keith Edwards', 'Rebecca Grinter']",3.503333333333334,0,1,0,3
258,Interview with Things: A First-thing Perspective to Understand the Scooter's Everyday Socio-material Network in Taiwan,"['Elisa Giaccardi', 'LinLin Chen']",1.4000000000000001,1,1,0,2
259,Investigating Cross-Device Interaction between a Handheld Device and a Large Display,"['Jeni Paay', 'Jesper Kjeldskov', 'Mikael Skov']",2.2466666666666666,0,1,1,3
260,Investigating Tilt-based Gesture Keyboard Entry for Single-Handed Text Entry on Large Devices,"['Per Ola Kristensson', 'Aaron Quigley']",2.1350000000000002,0,0,0,3
261,Investigating the Motivational Paths of Peer Production Newcomers,"['Coye Cheshire', 'Oded Nov']",1.995,0,0,0,3
262,Involving Autistics in User Experience Studies: A Critical Review,"['Doa orlu', 'Asim Evren Yanta']",1.17,0,1,1,2
263,Is Difficulty Overrated?: The Effects of Choice Novelty and Suspense on Intrinsic Motivation in Educational Games,"['Nirmal Patel', 'Jodi Forlizzi']",2.9800000000000004,0,1,1,2
264,Is Two Enough?: ! Studying Benefits Barriers and Biases of Multi-Tablet Use for Collaborative Visualization,"['HansChristian Jetter', 'Harald Reiterer']",1.9250000000000003,0,0,1,3
265,It wasn't really about the Pokémon: Parents' Perspectives on a Location-Based Mobile Game,"['Arpita Bhattacharya', 'Alexis Hiniker', 'Jin Ha Lee', 'Julie Kientz', 'Jason Yip']",2.1900000000000004,0,1,1,3
266,It's a Bomb! -- Material Literacy and Narratives of Making,['Sophie Sydow'],1.35,0,1,0,3
267,Jackknife: A Reliable Recognizer with Few Samples and Many Modalities,['Joseph LaViola'],2.87,0,0,0,3
268,Kinecting with Orangutans: Zoo Visitors' Empathetic Responses to Animals? Use of Interactive Technology,['Frank Vetere'],2.5900000000000003,0,0,1,3
269,Label-and-Learn: Visualizing the Likelihood of Machine Learning Classifier's Success During Data Labeling,"['Edward Lank', 'Edward Lank', 'Michael Terry']",1.84,1,0,0,1
270,Large-Scale User Perception of Synthetic Stroke Gestures,['Luis A Leiva'],2.52,1,0,0,2
271,Learning to Rate Clinical Concepts Using Simulated Clinician Feedback,"['Mohammad R Alsulmi', 'Benjamin A Carterette']",2.4749999999999996,1,0,0,1
272,Left Them 4 Dead: Perception of Humans versus Non-Player Character Teammates in Cooperative Gameplay,"['Rina R Wehbe', 'Edward Lank', 'Lennart E Nacke']",3.59,1,1,0,2
273,Lessons from Practice: Designing Tools to Facilitate Individualized Support for Quitting Smoking,"['Arpita Bhattacharya', 'Julie Kientz', 'Sean Munson']",2.27,0,1,1,3
274,Let's Get Physical: Promoting Data Physicalization in Workshop Formats,"['Samuel Huron', 'Uta Hinrichs', 'Trevor Hogan', 'Yvonne Jansen']",2.34,1,1,0,2
275,Let's Talk About X: Combining Image Recognition and Eye Gaze to Support Conversation for People with ALS,['Shaun K Kane'],4.32,0,0,0,2
276,Leveraging Human Routine Models to Detect and Generate Human Behaviors,['Nikola Banovic'],2.16,0,0,0,3
277,Live Physiological Sensing and Visualization Ecosystems: An Activity Theory Analysis,"['Tamara Clegg', 'Leyla Norooz', 'Angelisa Plane', 'Jason Yip', 'Jon Froehlich']",3.126,0,1,0,3
278,Living Apart Together: Cohousing as a Site for ICT Design,['Tom Jenkins'],2.16,1,0,0,2
279,Localized Haptic Texture: A Rendering Technique based on Taxels for High Density Tactile Feedback,['Laurent Grisoni'],1.33,0,0,0,3
280,Locating the Internet in the Parks of Havana,['Laura Pina'],2.7,1,1,0,3
281,Locked or Not?: Mental Models of IoT Feature Interaction,['Lana Yarosh'],3.42,0,1,0,2
282,Log it While it's Hot: Designing Human Interaction with Smart Thermostats for Shared Work Environments,['mc schraefel'],1.7500000000000002,0,0,0,3
283,Logue: Unitizing Interactive Fictions for Co-creation,['Ho Ryun Song'],0.0,0,1,0,2
284,Looking Coordinated: Bidirectional Gaze Mechanisms for Collaborative Interaction with Virtual Characters,['Michael Gleicher'],3.8500000000000005,0,0,0,3
285,LyriSys: An Interactive Support System for Writing Lyrics Based on Topic Transition,"['Yuichiroh Matsubayashi', 'Kentaro Inui']",1.8599999999999999,0,0,1,1
286,Machine Learning for Makers: Interactive Sensor Data Classification Based on Augmented Code Examples,"['David A Mellis', 'Bjrn Hartmann']",4.17,0,0,0,2
287,MagicFace: Stepping into Character through an Augmented Reality Mirror,['Ana Javornik'],1.6199999999999999,0,1,0,3
288,MakerWear: A Tangible Approach to Interactive Wearable Creation for Children,"['Liang He', 'Jon Froehlich']",4.205,0,0,1,3
289,Making Ritual Machines: The Mobile Phone as a Networked Material for Research Products,"['David Kirk', 'Abigail Durrant', 'Chris Elsden', 'JoAnne Bichard']",2.355,0,1,0,3
290,Making Sense of Sleep Sensors: How Sleep Sensing Technologies Support and Undermine Sleep Health,"['Julie Kientz', 'Laura Pina']",2.7150000000000003,1,1,0,3
291,Managing Uncertainty in Time Expressions for Virtual Assistants,['Xin Rong'],3.9200000000000004,0,0,1,3
292,Managing Uncertainty: Using Social Media for Risk Assessment during a Public Health Crisis,"['Xinning Gui', 'Yubo Kou']",1.71,0,1,0,3
293,Manifesting the Cyborg through Techno-Body Modification: From Human-Computer Interaction to Integration,['Bryan Semaan'],2.88,0,0,0,3
294,Market Design for HCI: Successes and Failures of Peer-to-Peer Exchange Platforms,['Airi Lampinen'],2.52,0,1,0,3
295,Measuring Self-Esteem with Games,"['Carlos Pereira Santos', 'VassilisJaved Khan', 'Panos Markopoulos']",2.0366666666666666,1,0,0,1
296,Memory in Motion: The Influence of Gesture- and Touch-Based Input Modalities on Spatial Memory,"['Johannes Zagermann', 'Harald Reiterer']",1.9350000000000003,0,0,1,3
297,Micro-Versioning Tool to Support Experimentation in Exploratory Programming,['Daisuke Sakamoto'],2.76,0,0,1,3
298,Mindfulness and Technology: Traces of A Middle Way,['Yoko Akama'],1.56,0,1,1,2
299,Misrepresentation of Health Research in Exertion Games Literature,['Conor Linehan'],3.96,0,0,0,3
300,Modeling Sub-Document Attention Using Viewport Time,"['Yoav Artzi', 'Mor Naaman']",5.1,0,0,0,3
301,Modelling Learning of New Keyboard Layouts,['Jussi Jokinen'],2.16,0,0,0,3
302,Monster Appetite: Effects of Subversive Framing on Nutritional Choices in a Digital Game Environment,"['Maria Hwang', 'Lena Mamykina']",1.35,0,1,0,3
303,Morse Things: A Design Inquiry into the Gap Between Things and Us,"['Ron Wakkary', 'Doenja Oogjes', 'Sabrina Hauser', 'Henry Lin']",2.4975,0,1,0,2
304,Mouse Tactile and Tangible Input for 3D Manipulation,"['Lonni Besanon', 'Mehdi Ammi']",2.24,0,0,0,3
305,MoveMeant: Anonymously Building Community Through Shared Location Histories,['Mor Naaman'],6.6,0,0,0,3
306,Multi-faceted Index driven Navigation for Educational Videos in Mobile Phones,['Abhishek Kumar'],5.3999999999999995,0,0,1,1
307,MyEyes: The Design and Evaluation of First Person View Video Streaming for Long-Distance Couples,"['Rui Pan', 'Bernhard E Riecke', 'Emily Cramer', 'Carman Neustaedter']",2.59,0,1,0,2
308,MyriadHub: Efficiently Scaling Personalized Email Conversations with Valet Crowdsourcing,['Michael Bernstein'],5.16,0,0,0,3
309,Narratives in Crowdsourced Evaluation of Visualizations: A Double-Edged Sword?,['Anastasia Bezerianos'],3.96,1,1,0,3
310,Navigating Media Use: Chinese Parents and Their Overseas Adolescent Children on WeChat,"['Rui Zhou', 'Betsy DiSalvo']",5.355,0,1,0,2
311,Negative Relevance Feedback for Exploratory Search with Visual Interactive Intent Modeling,"['Jaakko Peltonen', 'Jaakko Peltonen', 'Jonathan Strahl', 'Patrik Floren']",1.9375,1,0,0,1
312,No Such Thing as Too Much Chocolate: Evidence Against Choice Overload in E-Commerce,['Sarita Schoenebeck'],3.96,0,1,0,3
313,Not another Z piece!: Adaptive Difficulty in TETRIS,"['Sven Bertel', 'Fares Kayali']",0.7350000000000001,0,0,1,3
314,Novelty Learning via Collaborative Proximity Filtering,"['Arun Kumar', 'Paul Schrater']",2.265,0,0,0,1
315,On Speculative Enactments,"['Chris Elsden', 'Abigail Durrant', 'Bettina Nissen', 'John Vines', 'David Kirk']",2.0479999999999996,0,1,0,3
316,Once More With Feeling: Expressing Emotional Intensity in Touchscreen Gestures,"['Joseph Malloch', 'Derek Reilly']",2.4299999999999997,1,0,0,1
317,Online Feedback Exchange: A Framework for Understanding the Socio-Psychological Factors,"['Eureka Foong', 'Brian Bailey', 'Elizabeth Gerber']",2.4466666666666668,0,1,0,3
318,Opportunities and Design Considerations for Peer Support in a Hospital Setting,['Wanda Pratt'],3.1500000000000004,0,1,0,3
319,OptiDwell: Intelligent Adjustment of Dwell Click Time,"['Utkarsh Dwivedi', 'Karan Ahuja']",2.25,0,0,0,1
320,Ori-mandu: Korean Dumpling into Whatever Shape You Want,['Jiwoo Hong'],1.98,0,0,1,2
321,PFIS-V: Modeling Foraging Behavior in the Presence of Variants,"['Bhargav Pandya', 'Sandeep Kuttal', 'Margaret Burnett']",2.64,0,1,0,3
322,Parents? and Children?s Preferences about Parents Sharing about Children on Social Media,['Sarita Schoenebeck'],3.96,0,1,0,3
323,Participatory Design to Address Stigma with Adolescents with Type 1 Diabetes,['Gillian M McCarthy'],0.36,0,1,0,2
324,Participatory Evaluation with Autistic Children,['Judith Good'],1.9600000000000002,0,1,0,3
325,PathViewer: Visualizing Pathways through Student Data,['Yiting Wang'],1.7999999999999998,0,0,1,3
326,Pause: A Multi-lifespan Design Mechanism,['Batya Friedman'],3.22,0,1,0,3
327,People Are Either Too Fake or Too Real: Opportunities and Challenges in Tie-Based Anonymity,"['Nazanin Andalibi', 'Louise Barkhuus', 'Mor Naaman']",3.9,0,1,0,3
328,Performing Research: Four Contributions to HCI,"['Brendan Walker', 'Bettina Nissen', 'Peter Wright']",2.44,0,1,1,2
329,PersaLog: Personalization of News Article Content,['Eytan Adar'],5.52,0,0,0,3
330,Photo Privacy Conflicts in Social Media: A Large-scale Empirical Study,"['Jose Such', 'Adam Joinson']",2.5650000000000004,1,0,0,3
331,Pineal: Bringing Passive Objects to Life with Embedded Mobile Devices,"['Lora Oehlberg', 'Saul Greenberg']",4.61,0,1,0,3
332,Placing and Recalling Virtual Items on the Skin,['Sebastian Boring'],1.8900000000000001,0,0,0,3
333,Playing Fast and Loose with Music Recognition,"['Chris Greenhalgh', 'Alan Chamberlain']",3.58,0,0,0,3
334,PolySurface: A Design Approach for Rapid Prototyping of Shape-Changing Displays Using Semi-Solid Surfaces,"['Aluna Everitt', 'Jason Alexander']",2.88,1,1,0,2
335,Post-userism,['Jed Brubaker'],3.78,0,0,0,3
336,Pressure-Based Gain Factor Control for Mobile 3D Interaction using Locally-Coupled Devices,"['Lonni Besanon', 'Mehdi Ammi']",2.24,0,0,0,3
337,Priming Drivers before Handover in Semi-Autonomous Cars,['Christian Janssen'],1.98,0,0,0,3
338,Printflatables: Printing Human-Scale Functional and Dynamic Inflatable Objects,['Pattie Maes'],5.180000000000001,0,1,1,3
339,Privacy Security and Surveillance in the Global South: A Study of Biometric Mobile SIM Registration in Bangladesh,"['Md Haque', 'Shion Guha']",1.71,0,0,0,3
340,ProCom: Designing and Evaluating a Mobile and Wearable System to Support Proximity Awareness for People with Autism,"['LouAnne Boyd', 'Gillian Hayes']",3.5300000000000002,0,1,0,3
341,Products as Agents: Metaphors for Designing the Products of the IoT Age,['Elisa Giaccardi'],1.7500000000000002,1,1,0,2
342,Proof in the Pudding: Designing IoT Plants to Promote Wellbeing,"['Sarah Martindale', 'Robert Phillips']",2.7,0,1,0,2
343,Prototyping Ubiquitous Imaging Surfaces,"['Kyle Montague', 'Daniel Jackson', 'Tom Bartindale', 'Gerard Wilkinson', 'Patrick Olivier', 'Otmar Hilliges', 'Thomas Ploetz']",3.8085714285714287,1,0,1,2
344,Providing Haptics to Walls & Heavy Objects in Virtual Reality by Means of Electrical Muscle Stimulation,"['LungPan Cheng', 'Patrick Baudisch']",3.5650000000000004,0,0,1,3
345,Proxemic Transitions: Designing Shape-Changing Furniture for Informal Meetings,"['Marianne Petersen', 'Peter Krogh']",1.69,0,1,0,3
346,Pupillometry and Head Distance to the Screen to Predict Skill Acquisition During Information Visualization Tasks,"['Sabastien Lall', 'Cristina Conati']",2.37,0,1,0,1
347,Quantifying Aversion to Costly Typing Errors in Expert Mobile Text Entry,['Nikola Banovic'],2.16,0,0,0,3
348,Quantifying Sources and Types of Smartwatch Usage Sessions,"['Aku Visuri', 'Zhanna Sarsenbayeva', 'Vassilis Kostakos', 'Denzil Ferreira']",3.3049999999999997,1,1,1,3
349,Quantifying the Body and Caring for the Mind: Self-Tracking in Multiple Sclerosis,['Anna Cox'],2.31,0,1,0,3
350,QuickReview: A Novel Data-Driven Mobile User Interface for Reporting Problematic App Features,"['Sherlock A Licorish', 'Bastin Tony Roy Savarimuthu', 'Tobias Langlotz']",2.4,1,0,0,1
351,Quietto: An Interactive Timepiece Molded in Concrete and Milled Wood,['YoungWoo Park'],1.26,0,0,1,3
352,ReTool: Interactive Microtask and Workflow Design through Demonstration,['Shengdong Zhao'],3.12,0,0,1,3
353,Real-Fictional Entanglements: Using Science Fiction and Design Fiction to Interrogate Sensing Technologies,"['Richmond Y Wong', 'James Pierce']",2.415,0,0,1,2
354,Reappropriating Hackathons: The Production Work of the CHI4Good Day of Service,"['Chris Bopp', 'Elizabeth Gerber']",2.685,0,1,0,3
355,Recognition of Text and Shapes on a Large-Sized Head-Up Display,"['Daniel Buschek', 'Andreas Butz']",2.575,0,0,1,1
356,Reef: Exploring the Design Opportunity of Comfort-Aware Eco-Coaching Thermostats,"['ChuanChe Jeff Huang', 'Mark W Newman']",2.955,0,0,0,2
357,Reflective Informatics Through Family Storytelling: Self-discovering Physical Activity Predictors,['Andrea Parker'],3.06,1,1,1,3
358,Reflective Practicum: A Framework of Sensitising Concepts to Design for Transformative Reflection,['Geraldine Fitzpatrick'],3.22,0,1,0,3
359,Remote Collaboration With Mixed Reality Displays: How Shared Virtual Landmarks Facilitate Spatial Referencing,['Harald Reiterer'],2.5200000000000005,0,0,1,3
360,Replicating an In-The-Wild Study One Year Later: Comparing Prototypes with Different Material Dimensions,['Andrew Vande Moere'],2.0300000000000002,0,0,0,2
361,Responsive Action-based Video Synthesis,"['Neill Campbell', 'Gabriel Brostow']",1.545,0,0,0,3
362,Retargeting Video Tutorials Showing Tools With Surface Contact to Augmented Reality,"['Markus Tatzgern', 'Denis Kalkofen']",2.365,0,0,0,3
363,Reviewing the Big Questions Literature : or Should HCI Have Big Questions?,"['Jordan Beck', 'Erik Stolterman']",1.87,0,0,0,2
364,Revisiting The American Voter on Twitter,['Zubair Shafiq'],4.5,0,0,0,3
365,Revolt: Collaborative Crowdsourcing for Labeling Machine Learning Datasets,['Joseph Chee Chang'],2.7,0,0,0,3
366,Reworking the Gaps between Design and Ethnography,"['Phoebe Sengers', 'Melissa Mazmanian']",3.3,0,1,0,3
367,Robotic Table and Bench Enhance Mirror Type Social Telepresence,['Hideyuki Nakanishi'],2.16,0,0,1,2
368,SIRUP: Serendipity In Recommendations via User Perceptions,"['Valentina Maccatrozzo', 'Guus Schreiber']",3.205,1,1,0,1
369,SUGILITE: Creating Multimodal Smartphone Automation by Demonstration,"['Toby Li', 'Brad Myers']",4.775,0,0,0,3
370,Scalable Annotation of Fine-Grained Categories Without Experts,['Li FeiFei'],6.65,0,1,0,3
371,Scaling Reflection Prompts in Large Classrooms via Mobile Interfaces and Natural Language Processing,"['Xiangmin Fan', 'Wencan Luo', 'Muhsin Menekse', 'Diane Litman']",2.7575,1,1,1,1
372,Scratch Community Blocks: Supporting Children as Data Scientists,"['Sayamindu Dasgupta', 'Benjamin Mako Hill']",2.61,0,0,0,3
373,Seeing Sensing and Recognizing Laban Movement Qualities,"['Sarah Alaoui', 'Thecla Schiphorst']",1.8150000000000002,0,1,0,3
374,Self Harmony: Rethinking Hackathons to Design and Critique Digital Technologies for Those Affected by Self-Harm,['Shaun Lawson'],1.8200000000000003,0,0,0,3
375,Self-Confidence Trumps Knowledge: A Cross-Cultural Study of Security Behavior,['Nicolas Christin'],5.3999999999999995,0,0,0,3
376,Sensitizing Concepts for Socio-spatial Literacy in HCI,"['Peter Krogh', 'Marianne Petersen', 'Jens Emil Groenbaek']",1.8766666666666667,0,1,0,3
377,Session-Based Recommendations Using Item Embedding,"['Asnat GreensteinMessica', 'Lior Rokach']",3.3800000000000003,0,1,1,1
378,Share First Save Later: Performance of Self through Snapchat Stories,"['Sarah McRoberts', 'Svetlana Yarosh']",2.835,0,1,0,2
379,ShareVR: Enabling Co-Located Experiences for Virtual Reality between HMD and Non-HMD Users,['Jan Gugenheimer'],2.16,0,0,1,3
380,Shift+Tap or Tap+LongPress?: The Upper Bound of Typing Speed on InScript,['Shashank Ahire'],0.8999999999999999,0,0,0,3
381,Showing Objects: Holding and Manipulating Artefacts in Video-mediated Collaborative Settings,['Hideaki Kuzuoka'],1.9600000000000002,0,0,1,3
382,Showing People Behind Data: Does Anthropomorphizing Visualizations Elicit More Empathy for Human Rights Data?,"['Margaret Satterthwaite', 'Oded Nov']",1.6800000000000002,0,1,0,3
383,Situated Anonymity: Impacts of Anonymity Ephemerality and Hyper-Locality on Social Media,"['Ari Schlesinger', 'Keith Edwards', 'Rebecca Grinter']",3.503333333333334,0,1,0,3
384,Situated Dissemination through an HCI Workplace,"['Rachel Clarke', 'David Kirk']",3.1950000000000003,0,1,0,3
385,Situating Wearables: Smartwatch Use in Context,['Airi Lampinen'],2.52,0,1,0,3
386,Situational When: Designing for Time Across Cultures,"['Paul Roe', 'Margot Brereton']",1.8200000000000003,0,1,1,3
387,Sketching CuddleBits: Coupled Prototyping of Body and Behaviour for an Affective Robot Pet,"['Paul Bucci', 'Merel Jung', 'Jussi Rantala', 'Karon MacLean']",2.2825,1,1,0,3
388,SkinMarks: Enabling Interactions on Body Landmarks Using Conformal Skin Electronics,['Jrgen Steimle'],1.9600000000000002,0,0,1,3
389,SoPhy: A Wearable Technology for Lower Limb Assessment in Video Consultations of Physiotherapy,"['Frank Vetere', 'Mark Bradford']",3.325,0,0,1,3
390,Social Intelligence Modeling using Wearable Devices,['Alaeddine Mihoub'],0.72,0,0,1,1
391,Soil Rock and Snow: On Designing for Information Sharing in Outdoor Sports,"['Pawel W Wozniak', 'Anton Fedosov', 'Eleonora Mencarini', 'Kristina Knaving']",1.7774999999999999,1,1,0,2
392,Sparse Haptic Proxy: Touch Feedback in Virtual Environments Using a General Passive Prop,['LungPan Cheng'],2.16,0,0,1,3
393,Squeezeback: Pneumatic Compression for Notifications,['Michael Rohs'],2.8000000000000003,0,0,1,3
394,Starting Online Communities: Motivations and Goals of Wiki Founders,"['Jeremy Foote', 'Darren Gergle', 'Aaron Shaw']",1.7633333333333336,0,0,0,3
395,Stories from Survivors: Privacy & Security Practices when Coping with Intimate Partner Abuse,"['Tara Matthews', 'Jill Palzkill Woelfer']",3.6100000000000003,0,1,0,3
396,StressTree: A Metaphorical Visualization for Biofeedback-assisted Stress Management,"['Bin Yu', 'Mathias Funk', 'Jun Hu', 'Loe Feijs']",2.6625,0,0,0,2
397,StretchEBand: Enabling Fabric-based Interactions through Rapid Fabrication of Textile Stretch Sensors,['Anita Vogl'],1.44,0,1,0,3
398,Stretching the Bounds of 3D Printing with Embedded Textiles,"['Michael Rivera', 'Daniel Ashbrook', 'Scott Hudson']",2.893333333333333,1,0,0,3
399,Structured Input Improves Usability and Precision for Solving Geometry-based Algebraic Problems,"['Joseph LaViola', 'Pamela Wisniewski']",3.235,0,1,0,3
400,Subtle and Personal Workspace Requirements for Visual Search Tasks on Public Displays,['James Wallace'],1.92,0,0,0,3
401,Successful Leisure in Independent Living Communities: Understanding Older Adults' Motivations to Engage in Leisure Activities,['Amanda Lazar'],2.34,0,1,0,3
402,Supporting Cultural Heritage Professionals Adopting and Shaping Interactive Technologies in Museums,"['Gabriela Avram', 'Luigina Ciolfi']",2.225,1,1,0,2
403,Supporting Cultures of Making: Technology Policy Visions and Myths,['Shaowen Bardzell'],2.0300000000000002,0,0,0,3
404,Supporting Everyday Function in Chronic Pain Using Wearable Technology,['Nadia BianchiBerthouze'],2.5900000000000003,0,1,0,3
405,Supporting Making Fixations and the Effect on Gaze Gesture Performance,['Howell Istance'],3.06,0,0,0,3
406,Supporting People with Dementia in Digital Social Sharing,['Amanda Lazar'],2.34,0,1,0,3
407,Supporting Self-Care of Adolescents with Nut Allergy Through Video and Mobile Educational Tools,"['John Vines', 'Selina Sutton', 'David Green', 'Madeline Balaam']",3.18,0,1,1,3
408,Supporting the Self-Management of Chronic Pain Conditions with Tailored Momentary Self-Assessments,['Geri Gay'],3.7100000000000004,0,1,0,3
409,Supporting the Use of User Generated Content in Journalistic Practice,"['Peter Tolmie', 'Christian Burger', 'Arkaitz Zubiaga']",4.2,1,0,1,3
410,SupportingTrust in Autonomous Driving,"['Bastian Pfleging', 'Andreas Butz']",2.575,0,0,1,1
411,Synthesizing Stroke Gestures Across User Populations: A Case for Users with Visual Impairments,['RaduDaniel Vatavu'],1.61,0,0,0,3
412,Synthetic Sensors: Towards General-Purpose Sensing,['Chris Harrison'],3.0100000000000002,0,0,0,3
413,TASC: Combining Virtual Reality with Tangible and Embodied Interactions to Support Spatial Cognition,"['Jack ShenKuen Chang', 'Michael Nitsche', 'Timothy Welsh']",1.67,0,0,0,2
414,TagRefinery: A Visual Tool for Tag Wrangling,['Mohsen Kamalzadeh'],1.8,0,0,0,3
415,Tangible VR: Diegetic Tangible Objects for Virtual Reality Narratives,['Aneesh P Tarun'],1.08,0,0,0,2
416,Tap the: A Design-Based Inquiry into Issue Advocacy and Digital Civics,['Christopher Dantec'],2.52,0,0,0,3
417,Teaching Programming with Gamified Semantics,['Andrew Myers'],3.5700000000000003,0,0,0,3
418,Technology Individuation: The Foibles of Augmented Everyday Objects,"['Aloha Ambe', 'Margot Brereton', 'Paul Roe']",1.9633333333333336,0,1,1,3
419,Testing Incremental Difficulty Design in Platformer Games,['Lennart Nacke'],4.8,0,0,0,3
420,The Autobiographical Design and Long Term Usage of an Always-On Video Recording System for the Home,"['Yasamin Heshmat', 'Carman Neustaedter']",2.1950000000000003,0,1,0,2
421,The Challenges of Visual-Kinaesthetic Experience,"['Joe Marshall', 'Brendan Walker', 'Steve Benford']",3.236666666666667,1,0,0,2
422,The Design Fictions of Philanthropic IT: Stuck Between an Imperfect Present and an Impossible Future,"['Ellie Harmon', 'Chris Bopp']",2.025,0,1,0,3
423,The Distaff: A Physical Interface to Facilitate Interdisciplinary Collaborative Performance,['Anna Weisling'],1.35,0,1,0,2
424,The Effect of Population and,['Brent Hecht'],3.5999999999999996,0,0,0,1
425,The Evolution of a Scale Model as an Impromptu Design Tool,"['Doroth Smit', 'Martin Murer', 'Thomas Grah', 'Manfred Tscheligi']",2.8325000000000005,0,1,0,2
426,The Geography of Pokémon GO: Beneficial and Problematic Effects on Places and Movement,"['Ashley Colley', 'Jonna Hakkila', 'Nina Wenig', 'Brent Hecht']",2.7675,0,1,1,1
427,The Heat is On: A Temperature Display for Conveying Affective Feedback,['Jordan Tewell'],2.25,0,0,0,3
428,The Impact of a Narrative Design Strategy for Information Visualization on a Public Display,['Andrew Vande Moere'],2.0300000000000002,0,0,0,2
429,The Influence of Personality Traits and Cognitive Load on the Use of Adaptive User Interfaces,['Krzysztof Z Gajos'],2.87,0,0,0,1
430,The Meaning of Place in Supporting Sociality,"['Kate Howland', 'David A Harley']",1.8900000000000001,0,1,0,2
431,The Moving Context Kit: Designing for Context Shifts in Multi-Device Experiences,['Jeffrey Nichols'],2.66,0,0,1,2
432,The Pokémon GO Experience: A Location-Based Augmented Reality Mobile Game Goes Mainstream,['Hannu Korhonen'],5.3999999999999995,0,0,0,3
433,The Rise of Bots: A Survey of Conversational Interfaces Patterns and Paradigms,['Lorenz Cuno Klopfenstein'],1.26,0,0,0,2
434,The Role of Explanations in Casual Observational Learning about Nutrition,"['Marissa Burgermaster', 'Lena Mamykina']",1.8,0,1,0,3
435,The Rough Mile: Testing a Framework of Immersive Practice,"['Jocelyn Spence', 'Adrian Hazzard', 'Sean McGrath', 'Chris Greenhalgh', 'Steve Benford']",2.5340000000000003,1,1,0,2
436,The Trials and Tribulations of Working with Structured Data: -a Study on Information Seeking Behaviour,['Elena Simperl'],2.24,0,1,0,3
437,The UX of Avatar Customization,['Victoria McArthur'],1.08,0,1,0,3
438,The Visual and Beyond: Characterizing Experiences with Auditory Haptic and Visual Data Representations,"['Trevor Hogan', 'Uta Hinrichs', 'Eva Hornecker']",2.3066666666666666,1,1,1,2
439,Theory-Driven Collocated CMC: A Study of Collocated Mediated Interaction as a Public Sphere,['Bryan Semaan'],2.88,0,0,0,3
440,ThermoVR: Exploring Integrated Thermal Haptic Feedback with Head Mounted Displays,"['Roshan Peiris', 'Kouta Minamizawa']",1.9200000000000002,0,0,1,3
441,These are not my hands!: Effect of Gender on the Perception of Avatar Hands in Virtual Reality,['Cagri Tasci'],0.45,0,0,1,3
442,They're Just Tixel Pits Man: Disputing the 'Reality' of Virtual Reality Pornography through the Story Completion Method,"['Gavin Wood', 'Madeline Balaam']",3.66,0,1,1,3
443,Thin Grey Lines: Confrontations With Risk on Colorado's Front Range,['Leah Sprain'],2.34,0,1,0,3
444,ThirdEye: Simple Add-on Display to Represent Remote Participant's Gaze Direction in Video Communication,['Hideaki Kuzuoka'],1.9600000000000002,0,0,1,3
445,Thoughts and Tools for Crafting Colors: Implications from Designers' Behavior,"['EunJin Kim', 'HyeonJeong Suk']",1.6900000000000002,0,1,1,2
446,Thumb + Pen Interaction on Tablets,['Ken Pfeuffer'],4.95,0,0,1,3
447,Thumprint: Socially-Inclusive Local Group Authentication Through Shared Secret Knocks,['Chris Harrison'],3.0100000000000002,0,0,0,3
448,Tiles: A Card-based Ideation Toolkit for the Internet of Things,"['Simone Mora', 'Francesco Gianni', 'Monica Divitini']",1.6933333333333334,1,1,1,2
449,Topic-Relevance Map: Visualization for Improving Search Result Comprehension,"['Jaakko Peltonen', 'Jaakko Peltonen', 'Kseniia Belorustceva', 'Tuukka Ruotsalo']",1.8250000000000002,1,1,0,1
450,TopoGroups: Context-Preserving Visual Illustration of Multi-Scale Spatial Aggregates,"['Niklas Elmqvist', 'David Ebert']",3.1850000000000005,0,0,0,3
451,Touchomatic: Interpersonal Touch Gaming In The Wild,['Joe Marshall'],3.06,1,0,0,2
452,Toward Harmonizing Self-reported and Logged Social Data for Understanding Human Behavior,['Arushi Jain'],0.72,0,1,1,3
453,Toward Usable Evidence: Optimizing Knowledge Accumulation in HCI Research on Health Behavior Change,['Predrag Klasnja'],5.04,0,0,0,3
454,Towards Automating Data Narratives,"['Yolanda Gil', 'Daniel Garijo']",7.11,1,1,0,1
455,Towards Commoditised Near Infrared Spectroscopy,"['Jorge Goncalves', 'Niels van Berkel', 'Chu Luo', 'Simo Hosio', 'Vassilis Kostakos']",2.902,1,0,1,2
456,Towards Fine-Grained Adaptation of Exploration/Exploitation in Information Retrieval,"['Alan Medlar', 'Dorota Glowacka']",2.61,0,1,0,1
457,Towards Future Interactive Intelligent Systems for Animals: Study and Recognition of Embodied Interactions,"['Patricia Pons', 'Javier Jaen', 'Alejandro Catala']",3.01,1,1,0,1
458,Towards Personality-driven Persuasive Health Games and Gamified Systems,['Lennart Nacke'],4.8,0,0,0,3
459,Towards Personalized Visualization: Information Granularity Situation and Personality,"['Nels Oscar', 'Shannon Meja', 'Ronald Metoyer']",5.919999999999999,1,1,0,2
460,Towards Understanding Human Mistakes of Programming by Example: An Online User Study,['Benjamin B Bederson'],4.62,1,0,0,1
461,Toys that Listen: A Study of Parents Children and Internet-Connected Toys,['Franziska Roesner'],2.88,0,1,0,3
462,Transitions in Digital Personhood: Online Activity in Early Retirement,"['Abigail Durrant', 'David Kirk', 'Wendy Moncur', 'Kathryn Orzech', 'Chris Elsden', 'Andrew Monk']",2.3216666666666668,1,1,0,3
463,Translating Texture: Design as Integration,"['Daniel Carter', 'Julia Bullard']",4.14,1,1,0,2
464,Translational Resources: Reducing the Gap Between Academic Research and HCI Practice,"['Lucas Colusso', 'Cynthia L Bennett', 'Gary Hsieh', 'Sean A Munson']",2.8200000000000003,1,1,0,2
465,Traversing Boundaries: Understanding the Experiences of Ageing Saudis,['Tuck Wah Leong'],2.4,0,0,0,3
466,TrussFab: Fabricating Sturdy Large-Scale Structures on Desktop 3D Printers,"['Robert Kovacs', 'Patrick Baudisch']",4.735,0,0,1,3
467,TummyTrials: A Feasibility Study of Using Self-Experimentation to Detect Individualized Food Triggers,"['Daniel Epstein', 'Laura Pina', 'Julie Kientz', 'Sean Munson']",2.9025,1,1,0,3
468,Turbulent Touch: Touchscreen Input for Cockpit Flight Displays,"['Philippe Palanque', 'Karon MacLean']",3.0100000000000002,0,1,0,3
469,Turned On / Turned Off: Speculating on the Microchip-based Contraceptive Implant,['Sarah Homewood'],1.35,0,1,0,2
470,UI X-Ray: Interactive Mobile UI Testing Based on Computer Vision,['Yong Wang'],1.26,0,0,1,1
471,UX Design Innovation: Challenges for Working with Machine Learning as a Design Material,"['Jodi Forlizzi', 'John Zimmerman']",4.0600000000000005,0,1,0,3
472,Ubiquitous Accessibility for People with Visual Impairments: Are We There Yet?,"['Donald Porter', 'IV Ramakrishnan']",2.765,0,0,0,1
473,Understanding Blind People's Experiences with Computer-Generated Captions of Social Media Images,['Cynthia Bennett'],5.8500000000000005,0,1,0,3
474,Understanding Concept Maps: A Closer Look at How People Organise Ideas,['Stefano Padilla'],1.6199999999999999,1,0,0,2
475,Understanding Creativity Methods in Design,['Peter Dalsgaard'],1.8200000000000003,0,0,0,2
476,Understanding Emotional Responses to Mobile Video Advertisements via Physiological Signal Sensing and Facial Expression Analysis,['Phuong Pham'],11.700000000000001,0,0,0,1
477,Understanding Gaming Perceptions and Experiences in a Women's College Community,['Lauren Westendorf'],1.08,0,1,0,3
478,Understanding Grip Shifts: How Form Factors Impact Hand Movements on Mobile Phones,['Anne Roudaut'],2.04,0,1,0,3
479,Understanding Public Evaluation: Quantifying Experimenter Intervention,"['Julie Williamson', 'John Williamson']",5.22,0,1,0,3
480,Understanding Shoulder Surfing in the Wild: Stories from Users and Observers,['Heinrich Hussmann'],2.87,0,0,1,3
481,Understanding Uncertainty in Measurement and Accommodating its Impact in 3D Modeling and Printing,"['Jeeeun Kim', 'Anhong Guo', 'Tom Yeh', 'Scott E Hudson', 'Jennifer Mankoff']",3.8240000000000003,0,1,0,2
482,Understanding Volunteer AT Fabricators: Opportunities and Challenges in DIY-AT for Others in e-NABLE,['Daniel Ashbrook'],2.6399999999999997,0,0,0,3
483,Understanding the Cost of Driving Trips,['Cheng Zhang'],7.910000000000001,0,0,0,3
484,Understanding the Effects of Endorsements in Scientific Crowdfunding,"['Sanorita Dey', 'WaiTat Fu']",1.6900000000000002,0,1,0,1
485,"Understanding the Role Fluidity of Stakeholders During Assistive Technology Research ""In the Wild""","['LouAnne Boyd', 'Kyle Rector', 'Annuska Zolyomi', 'Gillian Hayes']",3.34,0,1,0,3
486,Understanding: A Systematic Study of Catastrophic Incidents Associated with Personal Navigation Technologies,['Brent Hecht'],3.5999999999999996,0,0,0,1
487,Untangling the Relationship Between Spatial Skills Game Features and Gender in a Video Game,"['Helen Wauck', 'Ziang Xiao', 'PoTsung Chiu', 'WaiTat Fu']",2.0825,1,1,0,1
488,Use of Haptic Feedback to Train Correct Application of Force in Endodontic Surgery,"['Myat Su Yin', 'Peter Haddawy', 'Siriwan Suebnukarn', 'Holger Schultheis', 'Phattanapon Rhienmora']",1.7420000000000002,1,1,1,1
489,User Interactions and Permission Use on Android,['Michelle Mazurek'],4.68,0,1,0,3
490,User Trust Dynamics: An Investigation Driven by Differences in System Performance,"['Kun Yu', 'Shlomo Berkovsky', 'Dan Conway', 'Jianlong Zhou', 'Fang Chen']",2.418,1,1,1,1
491,Using Advisory 3D Sound Cues to Improve Drivers' Performance and Situation Awareness,"['MinJuan Wang', 'Palle Dahlstedt']",2.3200000000000003,0,1,0,3
492,Utilizing Experience Goals in Design of Industrial Systems,"['Tomi Heimonen', 'Jussi Jokinen', 'Jaakko Hakulinen', 'Markku Turunen']",2.535,0,0,0,3
493,Utilizing Human Cognitive and Emotional Factors for User-Centered Computing,['George Samaras'],2.24,1,0,0,1
494,Utilizing Smartphones as a Multi-Device Single Display Groupware to Design Collaborative Games,['Woohun Lee'],0.9100000000000001,0,0,1,2
495,VITA: Towards Supporting Volunteer Interactions with Long-Term Care Residents with Dementia,['Shengdong Zhao'],3.12,0,0,1,3
496,Variolite: Supporting Exploratory Programming by Data Scientists,['Brad Myers'],5.95,0,0,0,3
497,Video Prototyping for Interaction Design Across Multiple Displays in the Commercial Flight Deck,"['Axel Roesler', 'Erin Murphy']",0.5999999999999999,0,1,0,2
498,Visual Composition of Graphical Elements on Non-Rectangular Displays,['Anne Roudaut'],2.04,0,1,0,3
499,Visualization Literacy at Elementary School,['Fanny Chevalier'],4.14,0,1,0,3
500,Voodle: Vocal Doodling to Sketch Affective Robot Motion,"['David Marino', 'Paul Bucci', 'Oliver S Schneider']",1.83,0,0,0,2
501,VoxPL: Programming with the Wisdom of the Crowd,['Emery Berger'],2.1,0,0,0,3
502,Voyager 2: Augmenting Visual Analysis with Partial View Specifications,['Zening Qu'],2.25,0,0,0,3
503,WAVES: A Wearable Asymmetric Vibration Excitation System for Presenting Three-Dimensional Translation and Rotation Cues,['Michael Raitor'],2.25,0,0,0,3
504,Was my message read?: Privacy and Signaling on Facebook Messenger,"['Roberto Hoyle', 'Apu Kapadia']",2.88,1,0,0,3
505,WatchSense: On- and Above-Skin Input Sensing through a Wearable Depth Sensor,"['Srinath Sridhar', 'Christian Theobalt', 'Sebastian Boring']",4.096666666666668,0,0,1,3
506,WatchThru: Expanding Smartwatch Displays with Mid-air Visuals and Wrist-worn Augmented Reality,['Rainer Malaka'],1.7500000000000002,0,0,1,3
507,WeBuild: Automatically Distributing Assembly Tasks Among Collocated Workers to Improve Coordination,['Ailie Fraser'],2.7,0,1,0,3
508,Wear.x: Developing Wearables that Embody Felt Experience,['Danielle Wilde'],1.56,0,1,0,2
509,Web Screen Reading Automation Assistance Using Semantic Abstraction,"['Vikas Ashok', 'Yevgen Borodin', 'IV Ramakrishnan']",2.623333333333333,0,0,0,1
510,What Can Be Predicted from Six Seconds of Driver Glances?,"['Sean Seaman', 'Bruce Mehler']",3.87,0,0,1,3
511,What Can Self-Reports and Acoustic Data Analyses on Emotions Tell Us?,['Effie LaiChong Law'],2.1,0,1,0,2
512,What Do We Really Know about How Habituation to Warnings Occurs Over Time?: A Longitudinal fMRI Study of Habituation and Polymorphic Warnings,"['Anthony Vance', 'Brock Kirwan', 'Bonnie Anderson']",2.35,0,1,0,3
513,What Happens to Digital Feedback?: Studying the Use of a Feedback Capture Platform by Care Organisations,['John Vines'],1.54,0,0,0,2
514,What Lies Above: Alternative User Experiences Produced Through Focussing Attention on GNSS Infrastructure,"['Stefan Poslad', 'Jennifer Gabrys']",2.0,0,1,0,2
515,What Makes Live Events Engaging on Facebook Live Periscope and Snapchat,['Oliver Haimson'],2.52,0,0,0,3
516,WhatsApp is for family Messenger is for friends: Communication Places in App Ecosystems,['Midas Nouwens'],1.35,0,0,0,3
517,When Empathy Is Not Enough: Assessing the Experiences of Autistic Children with Technologies,['Geraldine Fitzpatrick'],3.22,0,1,0,3
518,When Fitness Meets Social Networks: Investigating Fitness Tracking and Social Practices on WeRun,['Xinning Gui'],1.6199999999999999,0,1,0,3
519,When Personal Tracking Becomes Social: Examining the Use of Instagram for Healthy Eating,"['ChiaFang Chung', 'Sean Munson']",2.73,0,0,0,3
520,Where Usability and Security Go Hand-in-Hand: Robust Gesture-Based Authentication for Mobile Systems,['Janne Lindqvist'],2.76,0,1,0,3
521,Where is the Digital Divide?: A Survey of Security Privacy and Socioeconomics,"['Elissa Redmiles', 'Michelle Mazurek']",3.2399999999999998,0,1,0,3
522,Why Players use Pings and Annotations in Dota 2,['Scott Bateman'],2.52,0,0,0,2
523,Why Users Disintermediate Peer-to-Peer Marketplaces,['Amanda Waterman'],1.3199999999999998,0,1,0,3
524,WikiLyzer: Interactive Information Quality Assessment in Wikipedia,"['Marcelo Errecalde', 'Eduardo Veas']",1.085,1,0,1,1
525,XDBrowser 2.0: Semi-Automatic Generation of Cross-Device Interfaces,['Michael Nebeling'],3.06,0,0,0,3
526,You Want Me to Work with Who?: Stakeholder Perceptions of Automated Team Formation in Project-based Courses,"['WaiTat Fu', 'Brian Bailey']",2.45,0,0,0,3
527,Youth Perspectives on Critical Data Literacies,"['Sayamindu Dasgupta', 'Benjamin Mako Hill']",2.61,0,0,0,3
528,shiftIO: Reconfigurable Tactile Elements for Dynamic Affordances and Mobile Interaction,"['Kesler Tanner', 'Sean Follmer']",3.375,0,0,0,2
